{
    "loss": 41.887481689453125,
    "accuracy": 0.690077006816864
}