{
    "loss": 0.5121422410011292,
    "accuracy": 0.9568345546722412
}