{
<<<<<<< HEAD
    "loss": 0.5121422410011292,
    "accuracy": 0.9568345546722412
=======
    "loss": 8.882194519042969,
    "accuracy": 0.5035971403121948
>>>>>>> e6a3ba686f228a3a40e183aef0d9a6b6b5371220
}