{
    "loss": 8.882194519042969,
    "accuracy": 0.5035971403121948
}